text,exec_time,12.1,12.2,12.3,12.4,12.5,12.6,12.7,12.8,12.a,12.b,12.c,15.1,15.2,15.3,15.4,15.5,15.6,15.7,15.8,15.9,15.a,15.b,15.c,16.1,16.2,16.3,16.4,16.5,16.6,16.7,16.8,16.9,16.10,16.a
"As mentioned earlier the respondents were selected from both forest and nonforest areas This geographical character of the villages was the major differentiator of the sources of livelihood of the families as well as of these women Among the 9 women interviewed 6 lived in forest areas and the other 3 in nonforest areas Though majority of women reported to have land owned by households the size of the land is often very small and of very low quality in terms of agriculture",12.34,68.22,63.42,30.17,12.88,15.46,53.28,53.53,68.99,46.63,11.47,12.76,73.95,20.71,30.81,40.20,44.26,34.94,24.48,25.69,50.45,43.78,33.16,27.31,14.57,21.54,36.07,17.19,17.43,30.82,85.42,62.57,17.08,72.92,18.26
"6 domestic waste incineration 5 Rural habitat improvement project the provinces rural living waste rural",5.78,92.04,85.09,0.28,2.22,74.74,34.08,2.67,17.37,5.10,0.23,9.09,90.17,94.18,81.86,94.08,94.52,39.57,11.15,18.76,88.43,15.39,87.72,7.84,0.14,0.07,0.24,0.10,0.23,2.78,56.69,11.64,17.24,0.56,0.82
"i Pollutant discharge permit system All enterprises shall apply for a pollutant discharge permit which specifies the type limit and effective period of pollutant discharge and local environmental protection authorities shall be responsible for permit review and approval i Ecological protection red line system The State shall draw a red line for strict ecological protection in the key ecological function areas ecological sensitive areas and vulnerable areas i Ecological compensation system The State shall strengthen the efforts in the financial transfer payment for ecological protection areas",13.27,85.70,86.67,6.62,20.30,35.90,31.33,16.84,16.68,8.46,1.06,5.08,82.80,13.36,16.64,44.18,92.39,16.67,5.66,5.06,92.00,54.64,40.36,16.61,1.36,2.45,3.16,15.36,15.71,27.34,50.76,48.37,51.80,5.63,6.72
"significant conversion of natural should be avoided and reduction mitigation or compensation",5.14,70.57,90.05,16.06,26.57,35.91,46.64,42.37,50.82,36.88,17.00,12.23,91.46,90.24,71.27,75.57,93.72,32.01,5.50,24.95,80.08,45.42,45.45,15.52,1.40,4.71,7.26,3.08,1.16,23.87,62.31,27.37,6.35,1.75,22.31
"4Note Core Principle 2 Impacts on Natural Habitats and Physical Cultural Resources CorePrinciple 4 a Management of Land acquisition loss of access to natural resources and involuntary resettlement and Core Principle 6 a Avoidance of Social Conflict do not apply to the program",8.65,33.17,5.49,16.85,0.25,3.56,30.46,16.96,16.57,10.93,0.59,4.29,6.96,0.63,11.63,26.94,53.38,0.84,15.46,5.78,37.67,2.54,9.83,16.16,2.87,6.28,0.94,11.99,7.26,26.01,16.70,46.26,1.24,0.93,5.69
"ii Identifying and addressing economic and social impacts arising from land acquisition or loss of access to natural resources Land Administration Law effective from January 1 2020 stipulates aOwners or users of the land to be acquired shall within the time limit specified in the announcement go to fill the compensation registration form holding its assets ownership certificate The peopleas government at or above the county level shall organize the department concerned to estimate the relevant costs and make them fully available",12.35,24.66,48.98,2.57,0.75,2.54,11.34,26.31,16.15,5.66,0.77,1.84,39.50,5.67,9.82,28.57,45.82,8.11,1.39,0.76,37.27,16.82,13.12,2.01,0.39,1.43,5.60,3.82,8.06,40.11,79.49,21.79,42.03,8.49,1.70
"existing in the project area adequacy and costs of transportation and current projected labor supply and wage levels Biological Environment A field sampling program was designed and all pertinent biological features were inventoried An inventory of animal plant and aquatic life were prepared for selected subareas of the total area The field data acquisition phase includes determination of the type and density of commercial species present in the area The distribution and density of flora and fauna habitats and the ecological interacion of species were studied",13.16,36.97,82.74,8.09,0.84,10.30,45.00,42.28,59.43,46.82,5.29,0.45,35.67,5.56,28.17,41.80,54.36,6.91,2.63,4.36,77.89,31.83,21.66,1.61,0.39,1.58,5.36,1.89,5.16,31.14,78.95,8.30,6.58,6.02,4.40
"i Greening the State through afforestation allied activities like agroforestry and agrosilvi pasture i Consolidate and carry forward the movement of participatory management of natural resources in different agroclimatic regions of the State through economic upliftment of forest fringe population i Meet requirements of the community for fuel wood fodder small timber Non Timber Forest Produce NTFP and rural employment generation through forestry and related activities",12.04,79.16,99.62,2.54,4.99,28.79,24.94,9.04,36.55,12.55,0.45,2.92,98.89,94.12,65.81,7.04,90.22,83.27,2.92,3.93,93.34,40.47,97.91,0.64,1.27,1.03,8.87,1.59,4.17,42.43,79.49,49.11,16.29,4.88,4.16
"The construction activities of the project are included in the chapter of environmental protection in accordance with the requirements of the standard construction project contract and are supervised and implemented by an independent supervision unit The completion of the project has also been checked and accepted in accordance with the requirements and the acceptance report has been publicized and submitted to the Ecological Environment Bureau for the record",10.63,70.75,82.37,35.23,25.60,32.07,65.52,53.80,48.58,37.39,53.36,7.62,81.88,71.62,65.49,68.17,78.97,31.70,38.96,38.85,67.90,26.76,47.86,22.11,9.78,23.71,39.94,12.16,17.30,56.47,51.62,49.64,39.29,33.74,36.82
"53 In 2018 the Ministry of Finance issued the Guiding Opinions on Establishing EcoCompensation and LongTerm Protection Mechanism in the YREB which outlined four tasks for central government to 1 emphasize ecological protection in general fiscal transfers 2 increase national key ecological zone transfers to the YREB provinces 3 implement the aYREB Ecological Protection and Rewards Policya in 2018 which committed CNY 18 billion from 2017 to 2020 to incentivize the establishment of horizontal ecocompensation schemes in the YREB including intra provincial and interprovincial schemes and 4 increase various special funding in the YREB including for reforestation among others",16.83,78.64,90.85,3.66,5.23,12.66,1.69,8.05,3.80,7.31,4.25,2.94,96.31,94.08,71.95,82.80,90.62,23.35,20.16,6.69,91.41,95.87,99.75,9.58,1.84,2.46,13.25,22.64,5.97,15.44,80.38,51.86,30.93,12.07,3.55
"The mandate of the new Ministry is to coordinate environmental protection and natural resources conservation for sustainable development and specifically to Secure a quality of environment adequate for good health and well being Promote the sustainable use of natural resources Restore and maintain the ecosystem and ecological processes and preserve biodiversity Raise public awareness and promote understanding of linkages of environment and Cooperate with government bodies and other countries and international organisations on The organisational structure of FMEnv is shown in Figure 21 next page",13.46,40.97,99.74,0.45,0.28,0.65,0.20,0.22,93.96,1.99,0.08,0.08,81.93,31.11,13.65,7.02,99.20,1.20,2.18,1.77,75.85,11.00,5.21,0.63,0.13,0.15,0.18,0.10,0.28,8.15,24.92,24.82,5.43,0.72,0.60
"Chinas Environmental Assessment GuidelinesEcological Impacts clearly requires that environmental impact assessment documents pay attention to adverse ecological impacts and beneficial impacts direct indirect and cumulative impacts and mitigation measures are formulated in the order of avoidance mitigation compensation and reconstruction In addition starting from 2015 China has implemented the delineation of ecological protection red lines on a large scale By the end of 2020 all provinces and cities across the country have completed the delineation of ecological protection red lines within their jurisdictions to protect important habitats",13.96,92.85,93.08,8.08,12.50,8.00,76.03,18.73,58.14,58.37,4.12,1.83,90.80,57.83,54.24,70.20,97.35,24.27,52.32,28.99,98.50,56.94,57.18,75.68,1.41,3.80,18.43,19.65,10.13,49.75,78.71,76.76,44.21,8.76,18.40
"Purulia hosts a number of subgroups of tribes While Santhal Munda Oraon Bhumij dominate among them there is a strong presence of Savar and Lodhas who belong to Particularly Vulnerable Tribe class PVTC The first group normally owns land though small in size and thus depends on agriculture and agriculture related works Being particularly marginal farmers they cultivate their own land and also work as agricultural labourers in othersa land They concentrate in nonforest areas Savars and Lodhas are primarily found in forest dominated areas and their livelihood depends primarily on forest products",16.91,15.72,3.13,4.53,0.65,1.13,10.79,9.48,15.32,5.81,1.20,2.19,7.27,3.13,1.57,3.17,17.33,17.61,10.43,7.56,28.09,15.90,1.96,3.43,2.71,7.67,1.71,1.16,1.60,6.49,19.56,31.22,0.40,17.15,7.33
"a vi Information disclosure public participation and informed decisionmaking Public participation runs through the whole project lifecycle and is an important measure to ensure the success of LAR activities The Ministry of Natural Resources issued the Standard Guidelines for Grassroot Government Affairs Disclosure in Rural Collective Land Acquisition in June 2019 sorting out matters to be disclosed regulating the disclosure process and improving modes of disclosure to protect the peopleas rights of information participation expression and supervision practically",13.83,21.82,72.51,1.84,2.00,5.10,2.68,11.50,56.35,4.45,1.19,0.81,77.26,33.52,54.17,11.14,37.63,8.19,2.75,9.36,17.09,6.80,40.61,5.21,0.94,0.90,29.87,4.37,12.78,75.78,94.93,20.77,29.34,93.90,18.88
"3 National Policy on the Environment The stated goal of the National Policy on the Environment is to achieve sustainable development in Nigeria and in particular to Secure a quality of environment adequate for good health and well being Conserve and use the environment and natural resources for the benefit of present and future generations Restore maintain and enhance the ecosystems and ecological processes essential for the functioning of the biosphere to preserve biological diversity and the principle of optimum sustainable yield in the use of living natural resources and ecosystems Raise public awareness and promote",14.75,30.71,99.79,0.84,0.65,0.93,0.70,0.55,94.64,4.68,0.11,0.20,80.72,29.34,23.04,4.75,98.48,2.94,11.15,6.67,92.98,7.13,9.30,2.29,0.18,0.17,0.34,0.20,0.21,1.75,41.39,6.11,8.48,0.37,0.95
"Land acquisition and loss of access to natural resources are managed in a way that avoids or minimizes displacement and affected people are assisted in improving or at least restoring their livelihoods and living standards",8.23,4.33,96.49,2.70,0.47,0.42,12.52,2.09,2.61,1.35,0.27,0.09,55.79,1.31,29.42,34.48,73.15,7.02,1.21,2.82,43.27,1.00,3.29,1.71,0.78,0.33,0.50,1.02,6.20,32.25,50.14,7.68,1.63,0.10,4.75
"i Breaking up land for building or quarrying of stone are not permitted in protected forests Cutting sawing removal of trees from protected forests is prohibited",7.08,53.80,55.44,6.86,3.46,21.84,34.67,19.30,27.21,23.65,4.99,9.61,93.12,56.42,8.38,84.54,81.54,10.51,6.73,7.19,59.28,37.78,24.54,13.74,4.08,1.31,5.62,9.31,7.93,27.66,57.94,20.06,7.67,2.94,41.21
"Because the River Corrente i s a state river the company submitted its environmental license to the state environmental agency But because of the effects on a National Park and on endangered species the Ministerio Publicotogether with IBAMA launched a legal action against the state license This case was upheld and the environmental licensing was transferred to IBAMA which in 2001 deemed the enterprise",11.80,66.25,55.34,4.60,3.65,6.72,29.07,50.77,31.36,25.68,1.58,4.52,19.15,21.74,4.83,37.39,65.11,18.07,18.59,7.23,75.15,21.07,13.28,36.73,2.08,0.88,31.98,3.89,8.64,42.14,34.11,49.42,26.83,76.45,62.50
"5 Largescale changes in land use or access to land andor natural resources 6 Adverse ES impacts covering large geographical areas e",7.03,7.61,6.26,0.77,0.03,0.47,29.98,4.72,9.70,2.14,0.07,1.09,1.27,2.10,3.12,9.39,21.37,0.30,0.84,0.82,23.96,1.72,3.01,3.80,0.06,0.30,0.14,1.42,1.20,4.27,14.08,7.47,0.84,0.15,0.82
"Recognition of Forest Rights act residing in such forests for generations but whose rights could not be access to the schemes",6.75,4.51,39.46,0.58,0.80,4.17,0.92,1.22,4.16,2.39,1.54,0.24,63.67,17.96,1.59,58.62,46.35,3.42,0.84,1.22,32.45,2.40,12.26,1.54,0.53,0.09,0.91,2.55,4.28,13.91,17.11,7.87,2.96,0.53,3.68
"The Central Basin IPF focuses its ecological research activities and resulting management recommendations on Poyang Lake and Dongting Lake Basins key biodiversity hotspots and target areas under Results Area 2 Alignment of Program elements are further discussed in Section IV Total Program financing over 2022a2026 is expected to be US6526 million of which an expected US6126 million 93 87 percent will be funded by the Government and US400 million equivalent 6 13 percent financed through IBRD Table 1",14.88,62.92,97.26,6.94,19.28,13.37,14.81,20.81,33.55,46.36,21.82,3.52,86.09,52.83,39.11,20.84,91.63,43.14,20.93,16.30,86.65,73.61,71.90,13.33,0.97,1.96,28.34,9.67,7.37,42.40,49.38,45.73,15.66,19.47,7.26
"Also road connectivity through transport system is often poor particularly in forest areas",6.17,18.03,28.46,23.36,0.67,6.28,44.44,15.41,21.87,13.71,0.83,7.54,56.57,28.32,3.00,48.36,66.88,2.97,1.89,10.61,57.87,33.83,26.83,15.91,0.43,0.90,1.76,4.81,4.24,9.03,29.67,35.04,1.19,2.93,5.97
"The ESMF covers i screening of potential works for environmental risks and impacts ii carrying out a required environmental assessment to obtain regulatory authorization for each work as applicable and iii implementing necessary mitigation and monitoring measures It also includes institutional capacity training supervision monitoring and reports applicable to CONAGUA The Project activates OP 4 04 on Natural Habitats since there are two Protected Natural Areas ANPs in the area of influence of the Cutzamala System and some of its existing infrastructure and part of the Project works are in the ANPs",16.28,24.75,80.63,1.48,0.89,5.98,26.81,24.06,25.38,19.66,1.13,0.28,84.70,12.50,6.59,58.04,70.86,4.49,2.70,8.04,75.03,22.82,9.74,2.22,0.30,0.24,4.47,0.94,1.05,56.73,53.66,35.98,10.65,10.83,15.03
"permits judicious and regulated use of forest land for nonforestry purposes",6.05,52.63,89.96,12.44,1.08,20.30,19.66,4.67,12.70,11.90,30.95,3.09,79.47,58.17,6.52,58.07,82.34,5.49,3.49,6.13,68.32,12.33,7.15,10.16,1.29,0.96,0.51,15.60,11.08,27.22,37.73,26.68,26.21,0.39,31.55
"The Measures for the Administration of the Soil Environment of Agricultural Land Interim are promulgated",6.36,61.10,85.65,13.53,7.66,9.33,8.81,3.87,33.65,5.29,0.10,0.71,4.88,1.22,76.87,0.22,72.81,8.37,1.23,38.10,68.02,9.03,0.71,2.30,0.22,0.26,0.36,1.35,5.60,24.72,49.15,26.58,28.33,0.24,21.89
"Xianghualing independent industrial and mining area renovation and upgrading project in Linwu County of Chenzhou City the project includes the relocation of people to avoid danger ecological restoration and environmental management reservoir derisking and reinforcement Xiangjiang River Xiaoshui dry tributary management project in Yongzhou City soil and water conservation management of 78 small rivers in the city Nature reserve ecological restoration and protection projects Relocation of the residents in every county and district of Yongzhou City ecological restoration of nature reserves construction of ecological monitoring stations and",15.60,81.11,99.07,1.95,11.45,76.88,57.40,54.56,38.09,37.79,0.66,3.88,99.04,84.88,92.26,68.19,96.83,24.08,16.70,14.17,91.36,32.80,42.28,25.76,4.08,0.74,4.97,8.13,3.07,68.28,74.03,28.29,14.26,3.18,16.44
"During the EIA nature reserves and ecological protection red lines",5.50,58.15,69.74,2.79,1.29,7.22,11.50,1.18,39.84,6.56,0.10,0.64,91.79,80.32,17.77,66.59,97.80,4.58,71.46,29.80,59.13,9.52,35.77,53.94,0.39,0.16,0.06,1.98,2.31,10.88,25.17,1.02,5.80,0.04,2.26
"List for the Development of the Yangtze River Economic Belt of Jiangxi Province Measures for Watershed Ecological Compensation of Jiangxi Province Ecological Protection Red Lines of Jiangxi Province Regulations on the Implementation of the River Lake Chief System of Jiangxi Province etc",9.77,88.85,97.92,3.98,13.10,12.35,49.87,40.83,79.84,58.31,33.94,5.08,98.42,75.80,75.61,15.00,97.76,12.41,24.20,49.52,92.91,59.24,51.48,16.34,0.85,1.46,1.84,3.49,5.42,62.34,72.72,45.04,34.21,9.85,48.62
"Proactive protection conservation maintenance and rehabilitation of natural habitats are addressed in generic mitigations measures in Chapter 4 of the RETDP ESMF as well as ECoP 19 natural habitats Takes into account potential adverse effects on physical cultural property The RETDP ESMF requires screening of a proposed project for its effects on physicalcultural resourcessites",12.22,28.28,64.66,8.47,0.93,5.64,21.20,39.78,25.70,17.45,11.43,1.24,89.28,24.57,39.43,26.19,84.01,9.54,19.51,8.67,77.36,35.10,49.71,12.00,1.06,1.92,8.58,6.15,5.63,29.47,51.26,30.68,18.54,2.55,9.18
"d Research on avalue realization mechanismsa ecological incentives This comprises research for the development of innovative incentive mechanisms for ecosystem protection including on the economic value of ecosystem services in the Yangtze River Basin methods for integrating ecological data into statistical accounts definition and clarification of natural resources property rights and the design of incentive mechanisms for ecosystem and water quality protection such as ecocompensation water markets and pollution discharge fees",12.94,51.57,97.08,1.33,6.12,4.59,27.05,15.19,55.70,70.91,0.87,0.60,92.90,10.76,14.92,38.00,86.77,3.77,1.35,4.80,89.79,62.80,18.76,0.42,0.40,0.42,2.34,13.11,3.85,22.89,45.03,21.45,19.56,2.62,4.20
"This covers all 100 counties in Jiangxi including over 90 counties in the Poyang Lake Basin The RBECP is intended to support ecological protection water quality improvement forest protection and improvement and livelihoods Each county is evaluated against three sets of indicators annually a water quality b forest and ecological conservation and c water resource and water environment integrated management with funds allocated according to results An estimated CNY 14 billion US2 billion has been invested through the RBECP from 2016 to 2020 averaging around US400 million annually including approximately US1",16.86,53.47,99.02,0.15,1.37,1.52,2.47,1.69,44.54,10.33,0.98,0.30,95.53,93.69,3.25,13.74,87.03,0.97,0.73,0.70,88.15,38.52,91.71,0.14,0.07,0.47,0.75,0.29,0.51,39.91,61.21,12.78,7.75,0.73,2.01
"The EIA GuidelinesEcological Impacts specifically stipulates the technical details of identifying and screening important ecological factors including wild animals and plants important habitats and biodiversity in the early environmental assessment stage of the project and clearly requires that the environmental impact assessment documents pay attention to ecological impacts positive and negative direct indirect and cumulative impacts mitigation measures are formulated in the order of avoidance mitigation compensation and reconstruction Cultural Relics Protection Law establishes protection areas for valuable cultural resources Construction projects unrelated to the protection of cultural relics are not allowed in the protected areas",19.19,81.31,91.82,4.47,1.96,10.07,72.09,29.44,66.17,43.52,8.45,0.99,78.92,13.73,20.61,53.35,87.57,13.88,18.45,3.26,92.93,27.46,20.23,46.29,1.16,3.15,6.10,13.86,11.43,34.37,58.69,36.64,54.66,2.92,32.57
"2 West Bengal Trees Protection and According to the Act",6.03,14.56,46.18,0.89,0.45,19.48,10.39,2.46,9.87,5.21,0.34,0.25,73.44,93.11,8.67,21.31,78.55,9.85,7.41,1.06,16.47,15.16,60.93,35.58,0.62,0.09,0.24,0.30,1.74,8.67,35.80,2.72,58.79,0.50,10.93
"i Conservation and survey of flora fauna forests and wildlife i Prevention and control of pollution i Afforestation and regeneration of degraded areas i Protection of the environment These objectives are well supported by a set of legislative and regulatory measures and policies aimed at the preservation conservation and protection of the environment 1 Central Pollution Control Board CPCB CPCB is a statutory organization which was constituted under the Water Prevention and Control of Pollution Act 1974 and entrusted with powers and functions under Air Prevention and Control of Pollution Act 1981",14.38,61.82,96.79,1.73,7.50,10.30,17.81,4.45,11.36,10.45,1.63,0.74,84.91,96.57,67.95,5.97,98.56,1.61,23.71,3.18,87.77,23.40,74.11,2.64,0.35,1.45,4.00,4.20,5.60,59.17,69.22,30.54,88.35,3.29,62.56
"biodiversity in the Monarch Butterfly Biosphere Reserve which protects key overwintering sites for a billion monarch butterflies in 80 percent of the area of the subbasins Some of the Projectas brownfield works and activities will be carried out within the two referred ANPs and their vicinity The ESMF stipulates that these works and activities need to cover specific measures to avoid and mitigate risks and negative impacts in the ANPs including additional monitoring actions as pertinent and to comply with their existing management plans",14.01,27.60,90.21,4.91,10.41,24.32,33.13,34.16,16.57,4.77,0.71,1.18,48.08,27.81,29.27,69.65,86.46,24.39,14.34,7.54,83.57,38.90,43.90,8.37,0.47,0.64,6.90,10.06,3.30,33.14,56.22,34.13,16.54,12.85,8.79
"Populations of important fauna Area of wetlands and numbers integrity of wetlands re providing goods and services",6.47,22.16,75.19,2.28,1.69,3.31,28.92,29.74,34.26,14.95,56.33,1.00,59.57,3.09,0.87,3.63,59.36,1.93,1.81,1.97,67.66,34.85,6.33,3.77,0.37,0.19,0.47,3.30,7.19,13.24,36.32,10.19,10.08,0.82,3.96
"project involving nature reserve or protected cultural relic must be",5.30,11.75,68.37,2.62,0.43,2.18,26.51,2.93,10.38,2.26,26.90,0.24,46.73,14.90,10.70,38.36,82.11,1.89,3.58,8.31,80.12,12.36,9.85,10.24,0.15,0.06,0.06,0.27,2.18,2.98,26.49,3.20,10.78,0.06,1.03
"4 Core Principle 4 Program ES systems manage land acquisition and loss of access to natural resources in a way that avoids or minimizes displacement and assists affected people in improving or at the minimum restoring their livelihoods and living standards The six aspects under Element 9 are analyzed as follows 202",9.89,10.42,92.24,5.55,0.37,0.93,17.74,3.31,3.85,9.80,0.18,0.40,52.43,16.14,40.52,22.14,68.29,6.49,8.41,5.83,47.51,5.89,13.51,7.29,0.34,2.36,8.62,1.42,3.55,9.88,26.75,8.71,1.61,1.34,3.37
"The respondents belonged to forest covered blocks Baghmundi Bandwan and nonforest areas of blocks Jhalda II Manbajar II and Barabajar of Purulia district Our survey and indepth interviews were facilitated and arranged by two renowned NGOs namely Pradan and Bangla Natok dot Com BNDC They work with the women of several blocks on training of sustainable agriculture methods and making commercially sold utility items from several forest products Three characteristics of the study participants have been taken into consideration for inclusion in the sample These are age group marital status and locational characteristics",16.61,24.38,90.70,22.20,5.48,29.79,5.11,18.34,70.42,85.60,9.42,1.65,57.07,47.63,15.89,59.86,57.84,35.46,6.18,2.24,56.60,28.53,45.34,5.89,6.48,4.47,12.05,6.20,7.88,45.76,70.58,28.62,0.42,11.71,1.07
"1 Ministry of Environment Forest and Climate Change MoEFCC The Ministry of Environment Forest and Climate Change MoEFCC is the nodal agency in the administrative structure of the Central Government for the planning promotion coordination and overseeing the implementation of Indias environmental and forestry policies and programs The broad objectives of the Ministry are i Conservation of countrys natural resources including its lakes rivers etc",13.74,22.30,99.31,1.18,0.58,0.93,3.17,0.19,3.40,1.59,0.23,0.39,99.08,84.15,27.27,0.43,96.70,0.32,4.36,1.51,87.00,32.83,28.28,0.48,0.13,1.02,1.46,0.27,0.66,13.89,43.23,12.97,34.21,0.34,0.57
"required for verification along with publication of ecological flow monitoring bulletins",5.96,47.40,87.87,23.61,23.49,23.58,77.74,15.17,63.77,31.25,2.70,1.42,38.70,48.80,6.92,52.86,80.50,3.45,10.56,22.21,60.29,7.31,2.66,11.37,0.23,0.17,0.33,2.90,4.01,32.28,32.15,14.60,3.71,15.71,1.62
"produce and the duty leviable on timber and other forestproduce",6.25,90.86,74.15,19.22,2.54,23.22,39.65,44.30,42.14,24.31,1.19,10.43,39.20,49.74,3.33,63.85,66.18,14.01,2.81,6.74,62.12,36.15,62.06,24.30,1.93,1.56,2.47,17.78,10.57,26.78,54.76,16.97,41.17,1.09,17.87
"In actual implementation identifying important natural habitats important wildlife protection targets and statutory ecological protection red lines are one of the key tasks of each EIA All projects involving statutory protected areas have taken avoidance measures For other unavoidable ecological and environmental impacts it is necessary to formulate reduction mitigation or compensation measures",10.57,16.69,70.77,10.67,0.93,1.63,39.60,9.87,15.13,6.77,8.95,1.01,65.36,1.47,5.22,41.12,88.96,2.55,18.32,3.10,85.26,10.10,8.35,16.16,0.25,0.50,3.69,1.34,1.51,24.03,36.72,34.50,10.59,3.86,4.15
"The program interventions do not involve land acquisition and will not result in any loss of access to natural resources or involuntary resettlement Thus Core Principle 4 is not applicable",7.78,82.71,95.46,34.97,24.32,15.15,24.79,57.53,64.08,65.23,69.48,6.67,97.04,69.39,77.03,70.76,83.78,49.28,79.85,48.20,73.84,40.60,65.49,55.51,15.73,33.69,33.74,31.94,20.49,33.34,33.11,63.87,4.95,44.72,20.60
"the Forest Department and felling of any of the trees as mentioned in the schedule is not permitted without permission Every person who fells a tree should undertake plantation of two trees for one tree felled in same plot of the land",10.03,48.54,69.31,14.13,14.05,30.84,12.73,40.33,21.30,13.12,5.36,13.27,81.69,56.51,21.89,63.73,57.67,59.43,7.13,10.81,52.89,22.58,19.68,18.18,5.59,2.56,40.61,6.90,10.41,33.75,48.65,14.05,21.58,5.77,43.83
"In the Pilot Plan for Integrated Ecological Compensation 2019 one of the pilot tasks is to promote horizontal ecological compensation between upper and lower reaches and 50 pilot counties 5 in Jiangxi Province are selected among key ecological areas in 10 provinces to develop their own implementation plans",10.27,33.17,83.49,0.63,1.46,2.16,0.38,0.33,2.83,8.77,0.80,0.22,78.08,21.77,12.51,74.76,82.82,8.32,0.62,0.94,84.94,2.95,14.95,0.34,0.15,0.24,0.57,0.27,0.17,3.12,57.44,38.80,2.82,0.84,0.28
"See Element 1 for a consistency analysis of social impact assessment The consistency of Elements 2 and 5 is analyzed below i Early screening During site selection and feasibility study of related projects the relevant authorities e natural resources bureau cultural heritage bureau shall be coordinated to conduct a joint survey and risks and impacts screening",10.79,49.34,75.89,14.67,12.21,15.40,41.13,41.80,29.91,40.47,51.13,2.24,72.26,57.60,53.23,60.96,78.84,22.39,21.65,21.08,61.62,26.59,43.98,27.17,0.87,4.18,1.91,3.91,5.46,39.90,43.78,28.52,1.77,11.08,4.13
"Regulations on Nature Reserves A nature reserve shall be set up for an important habitat Nature reserves shall establish specialized",6.82,21.49,78.67,2.59,0.75,2.37,9.13,9.30,13.81,7.35,1.75,2.15,63.09,31.13,5.32,58.01,65.97,6.11,6.62,1.09,79.68,30.02,22.35,22.28,0.82,1.56,0.47,1.79,5.09,32.91,27.26,20.16,13.43,1.46,7.54
"This act recognizes and vests the forest rights and occupation in forest land Applicable to the GPs in tribal areas",6.91,7.03,57.44,0.32,1.76,4.33,0.76,5.76,6.43,3.61,1.78,0.11,48.00,30.64,1.94,44.61,51.82,19.44,1.51,1.36,57.31,6.88,16.05,4.97,2.32,0.72,1.66,2.04,3.55,13.64,24.01,35.70,25.74,0.13,9.90
"scheme beneficiaries located near forests to prevent such illegal activities",5.76,15.65,73.90,4.47,2.62,13.41,5.99,9.75,4.09,1.35,0.92,0.40,30.69,34.41,1.16,45.47,84.38,1.72,69.64,3.92,39.61,1.66,7.74,94.29,3.05,3.39,0.25,78.83,15.53,3.81,40.55,6.53,3.27,0.39,4.96
"provinces new domestic waste treatment capacity by 25650 tonsday by 2025",6.27,66.53,51.56,9.44,27.96,62.49,27.64,19.93,13.20,18.84,0.18,7.82,0.72,2.20,1.50,1.65,12.42,1.78,0.33,4.03,12.50,2.19,0.43,0.23,0.33,0.34,0.70,0.58,2.85,15.85,56.13,23.90,7.18,1.45,3.61
"Water quality and flow Water contamination due to materials and chemical",6.06,7.45,6.23,2.50,0.23,2.89,26.13,8.80,25.47,10.38,0.11,0.89,0.70,2.23,0.78,11.44,21.92,0.35,0.40,3.35,14.98,10.79,0.75,0.32,0.14,0.18,0.26,0.34,0.92,11.97,34.00,2.22,5.52,0.34,3.50
"The pollution reduction targets refer to i the number of demonstration counties that have established integrated wastewater service systems ii the weight tons of agricultural plastic film collected and iii the number of demonstration counties meeting their respective annual livestock poultry manure utilization rate targets proportion of utilized livestockpoultry waste The Program will be implemented on various levels to ensure supervision and crosssectoral and crosslevel coordination The Program Management Office PMOs under the Jiangxi and Hunan Provincial Development and Reform Commission PDRC will be responsible for overall Program guidance and management",15.72,70.38,81.39,0.70,8.87,89.31,5.78,1.70,14.03,54.81,0.29,1.40,2.19,1.32,2.72,5.04,6.10,9.30,0.32,0.58,14.21,1.94,1.13,0.28,0.07,0.38,7.69,0.19,0.26,57.92,94.22,28.69,9.47,3.92,6.68
"From the analysis of the relevant environmental policies laws and regulations applicable to the program please refer to Annexure I it can be concluded that that the existing policy legal and regulatory framework governing the management and mitigation of any environmental risk or adverse environment impact of the program are adequate and do not need any augmentation or change to support the implementation of the PforR",12.06,79.89,78.35,40.64,16.04,29.10,45.03,44.15,30.59,57.80,55.50,17.55,77.40,59.54,68.46,59.23,68.51,42.15,57.42,42.29,65.83,44.96,68.11,32.99,7.98,24.07,34.40,21.50,18.10,35.31,40.95,59.10,34.23,33.72,37.98
"be recovered by producers dealers and users Measures for the Administration of Agricultural Mulching Films Article 14",6.90,69.27,63.49,29.34,8.08,66.86,36.38,48.18,17.88,17.90,1.78,6.33,5.33,42.40,43.91,5.76,64.45,37.70,37.39,22.86,23.82,12.01,46.45,15.74,0.68,4.60,8.02,34.55,36.52,27.32,50.52,16.39,42.56,4.81,18.04
"The Regulations on Pesticide Administration raises specific requirements for the production registration marketing and",6.97,70.04,51.56,14.64,2.09,22.96,43.33,40.89,41.76,40.45,0.27,2.59,0.22,4.01,0.75,13.03,42.20,33.86,0.66,9.63,17.90,5.49,9.66,0.53,0.71,0.66,2.51,4.00,7.48,36.28,42.01,4.56,20.08,2.06,18.11
"into micro or nano particles of plastics92 In 2017 Ministry of Agriculture issued aAction Plan for Recycling Agricultural Mulcha setting target of recycling 80 percent of agricultural mulch by 2020 Jiangxi Province has been a pioneer in combating plastic pollution In June 2020 Jiangxi formulated an aImplementation Plan to Strengthen Plastic Pollution Managementa 93 The Implementation Plan set targets to ban the production sale and use of several types of plastic products in selected areas and industries such as singleuse plastics in the catering industry",15.34,92.37,83.90,5.99,8.66,86.99,11.72,17.59,41.98,52.03,0.77,9.44,3.53,5.85,7.56,25.27,52.00,8.07,4.68,5.83,43.88,4.89,7.22,3.91,2.07,2.83,19.92,6.56,3.51,34.43,74.44,71.09,14.83,9.26,48.43
"Provincial level policies regulations and guidelines on water environment and plastic waste management issued",6.33,9.52,87.22,0.62,22.91,52.61,24.45,8.87,58.20,15.35,0.32,0.53,14.82,1.21,4.47,3.31,68.46,0.53,0.41,20.72,47.47,10.29,0.87,0.13,0.17,0.18,0.43,0.33,1.62,23.51,46.50,5.50,10.90,0.22,27.79
"Activities at the site will produce construction wastes such as excavated soils and debris These collections of wastes could obstruct the movement of the workers the general public and trucks as well as affect the beauty of the environment This waste will therefore have to be managed at various times during the construction phase",10.79,54.86,29.65,16.81,2.56,4.63,44.69,30.59,28.27,24.07,1.15,4.19,4.79,8.30,12.44,61.35,13.46,6.45,1.97,4.16,59.37,21.66,10.29,2.95,2.82,5.15,14.58,3.29,7.95,30.89,54.12,40.10,19.20,9.56,16.99
"In Dexing County each soil fertilizer station or plant protection station has a workforce of 56 and trains farmers over 20 times a year and the county farmer school has 10 technicians and trains farmers over 10 times a year Based on the field visits all county agriculture authorities in Jiangxi Province can direct farmers to use fertilizers rationally and reduce waste and nonpoint source pollution",12.62,94.85,96.80,46.65,88.64,96.80,34.99,84.24,89.36,96.78,5.69,10.58,57.33,36.40,61.40,68.23,76.65,59.30,11.38,17.85,79.22,57.62,21.68,5.20,2.41,10.90,41.82,7.36,26.31,80.17,81.95,58.95,21.50,42.11,65.63
"26 Regulations on Pesticide Administration 2017 8 Measures for the Administration of the Soil",6.83,77.88,79.56,20.09,17.14,26.89,37.59,39.64,44.02,46.54,0.78,16.38,4.38,7.21,38.22,34.43,62.15,20.23,1.93,22.31,60.80,20.68,19.18,1.05,1.12,1.02,3.59,2.78,7.52,36.17,57.53,31.35,33.95,1.65,43.22
"plastic collection and recycling services Plastic film is a major contributor to waterborne plastics pollution",6.92,35.45,22.30,0.77,10.79,65.40,31.36,22.43,31.36,26.44,0.58,1.17,0.56,1.18,1.51,3.64,27.03,0.64,0.72,2.99,9.41,9.71,0.83,0.38,0.30,0.42,0.77,0.39,1.63,31.47,40.47,3.55,2.83,1.06,4.57
"Notably Poyang and Dongting Lakes have experienced instances of eutrophication More broadly nutrient pollution may contribute to downstream and offshore eutrophication in the East China Sea A recent study calculated the present value of the global social cost of eutrophicationdriven methane emissions from lakes at an annual amount of US0 aProtecting Local Water Quality Has Global Benefits a Nature Communications 12 2709 link 134 Rosentreter et al Half of global methane emissions come from highly variable aquatic ecosystem sources Nature Geoscience 14 22530 link",17.98,26.90,90.12,6.10,1.69,23.32,24.19,38.74,67.01,30.28,1.12,1.25,19.40,3.10,5.83,0.82,72.36,5.95,2.00,3.71,72.63,24.87,2.13,1.55,0.77,1.26,2.83,2.00,1.68,23.48,53.89,7.02,8.40,7.79,24.23
"Agricultural waste recycling in Changde City Crop and livestock manure",6.30,80.02,82.18,26.72,29.05,64.89,30.09,33.87,27.38,56.53,0.25,0.70,0.24,0.88,1.63,11.10,46.94,3.15,0.21,2.13,23.21,13.78,4.27,0.05,0.14,0.06,0.35,0.50,1.53,30.39,47.30,14.54,13.28,0.65,5.63
"The recycling rate of agricultural mulch is lower than two thirds 91 Possible technical solutions include recycling plastic film or using biodegradable cover which impose additional costs and hence require regulatory and potentially financial incentives to increase adoption rates with the assumption that materials used will not degrade 90 According to Prof Yan Rongchang from the Academy of Agricultural Sciences link Notice of the Ministry of Agriculture on Issuing the Agricultural Film Recycling Action Plan",13.84,94.65,93.45,32.23,27.13,79.46,36.07,80.66,40.98,75.76,1.48,15.88,12.00,5.41,45.46,42.38,38.83,14.21,2.53,7.56,44.65,33.17,29.57,4.37,2.00,2.30,24.53,8.49,4.38,56.03,77.73,51.07,22.31,38.21,63.97
"Removing existing road surfaces will release particulate matters Air Quality will also be impacted by emissions from vehicles and from heavy earthmoving equipment At the peak of construction various equipment rated between 200 600 horsepower and burning diesel fuel would be operated The USEPA AP42 Emission Factors for diesel industrial engines was used to estimate emission from construction equipment The estimated emissions from equipments are shown in Table 6",12.72,30.67,10.03,4.11,0.40,5.83,51.07,46.24,52.14,35.46,1.40,9.56,1.22,4.39,7.51,6.86,10.79,7.63,2.20,2.11,20.29,11.22,10.26,2.17,1.00,2.09,16.03,5.35,4.14,22.87,66.39,29.55,5.04,37.78,21.78
"20 Finally part of the government growthprogram aims to improve theprocedures leading to environmental licensing of business activities Apart from reducing redtape it i s expected that better procedures will also leadto a better reflection of environmental costs inthe licenses granted b y publicsector entities Since the poor often suffer the most serious consequences of environmental degradation e through exposure to polluted water sources any improvement inthe effectiveness of Brazilian environmental licensing can be expected to",14.14,67.26,84.83,0.31,3.78,7.35,69.38,78.77,7.96,3.96,0.60,0.71,38.02,2.05,3.10,0.85,59.10,1.58,0.80,1.95,18.67,2.37,1.59,0.31,0.10,0.13,3.24,0.25,0.44,59.55,62.18,27.80,20.53,1.07,3.70
"a Environmental and health cobenefits associated with reduced local pollution",5.84,42.88,69.79,0.19,7.45,72.09,25.93,23.18,44.21,3.75,2.25,0.24,9.97,11.70,1.15,29.32,26.06,0.35,0.33,2.21,43.26,3.10,7.20,0.11,0.06,0.05,0.09,0.06,0.18,2.54,26.42,4.03,1.29,0.12,1.45
"These funds were sourced primarily from four programs The CNY 14 billion funding on water pollution reduction plastic waste treatment or chemical fertilizer reduction in the Dongting Lake Basin was from primarily four programs listed below Table 6 In terms of funding source by department DARA",9.29,70.92,87.41,1.52,32.84,93.05,38.02,27.73,37.11,45.37,1.44,1.05,51.05,2.83,8.83,43.48,73.72,5.79,1.20,4.04,55.58,55.01,7.75,0.26,0.19,0.73,9.69,1.46,2.06,38.26,68.19,41.11,28.34,5.65,14.16
"Operate within an adequate For the potential environmental impacts involved in the Program Consistent",6.02,47.15,85.95,24.07,19.65,26.80,29.02,28.62,7.59,29.32,24.82,4.71,73.48,40.75,50.63,52.47,67.92,5.38,51.22,51.95,32.42,4.35,44.32,41.57,1.26,6.06,0.56,5.75,2.79,7.84,52.53,26.44,13.50,0.63,2.16
"The objective of KIAT is to promote industrial technology innovation and support the development of related policies Since the decision is yet to be finalized BREB is not aware of the type of battery to be used and thus cannot make specific comments on adequacy of existing recycling facilities and licensing The economic analysis finds that the Program investments will bring substantial economic benefits to Bangladeshas economy by helping displace expensive dieselbased selfgeneration and fossil fuel generation meet growing demand and improve the efficiency and reliability of the power system",15.98,66.74,9.97,0.12,1.26,10.82,1.98,5.73,4.00,44.51,0.18,3.45,0.85,0.71,0.57,0.24,0.67,0.54,0.38,0.63,0.61,0.24,0.32,0.43,0.09,0.27,2.70,0.21,0.30,4.84,57.51,7.86,9.06,1.06,1.33
"management and reuse of onfarm manure leads to reduced nutrient runoff f there are no major external changes to pollutant loads that overwhelm the Programas contribution to key pollution reduction targets and g improved RCS information platforms inform river chief actions",9.28,23.79,67.51,4.62,11.16,37.15,24.16,11.03,48.48,11.05,0.30,0.35,1.52,0.49,1.19,37.72,5.77,2.20,0.31,0.45,14.91,3.52,0.83,0.27,0.17,0.64,1.29,0.35,1.30,33.37,49.55,35.07,4.42,7.39,1.36
"The Program activities involving routine operation and pollution management are mainly county and township WWTPs livestock and poultry manure recycling facilities and agricultural film recovery Normal monitoring and supervision practice is as follows i County and township WWTPs are managed by local housing and urbanrural development bureaus urban management bureaus in some cities or counties and their pollutant discharge is monitored regularly or in real time and supervised by local ecology and environment bureaus regularly",14.19,40.41,80.96,8.50,17.47,66.42,33.06,32.93,25.05,36.58,1.04,1.01,3.15,4.07,14.10,41.42,56.62,20.02,0.52,2.84,53.84,14.66,2.19,0.54,0.59,1.67,7.25,2.25,3.11,45.03,71.97,23.00,13.88,15.54,6.91
"The Hunan Provincial Agriculture and Rural Affairs Department is the provincial authority for agriculture and rural affairs composed of 23 divisions offices and over 29 subordinate units in which those involved in agricultural film recovery and livestock and poultry manure recycling are i Agricultural Resources Protection and Utilization Division responsible for the environmental protection and management of farmland biological resources and farm products conducting agricultural EIAs constructing agricultural pollution prevention and treatment demonstration areas conducting agricultural waste recycling and agricultural film recovery etc",14.21,85.42,98.40,13.09,64.52,67.15,39.48,55.48,66.18,85.46,2.11,3.70,75.13,35.95,43.91,19.24,75.52,72.50,3.14,16.80,88.42,72.93,8.92,1.62,1.96,5.00,21.65,4.71,6.72,55.99,84.67,52.03,39.83,26.91,55.57
"2 Proper disposal of agricultural mulch film in managed landfill is expected for an additional 14136 tons of plastics over five years due to Program activities",7.44,76.33,74.74,9.12,21.63,40.72,39.00,23.41,10.68,20.30,0.29,2.70,8.92,1.90,8.52,18.71,26.64,1.75,0.28,2.86,17.84,6.26,7.75,0.17,0.26,0.26,1.18,0.68,2.42,21.00,54.67,16.88,13.11,1.43,4.29
"To strengthen the monitoring and evaluation of agricultural mulch membrane collection the Program will support development of a Provincial monitoring and evaluation protocol for agricultural mulch membrane collection and recycling in Jiangxi as well as support the implementation of the Provincial Implementation Plan for Strengthening Plastic Pollution Management in Hunan Analytics by the Bank and Tsinghua University are informing measures and baselines for agricultural plastics interventions and further developing the Bankas and Governmentas understanding of other pollutant issues targeted by the Program Box 3",15.12,81.63,64.35,13.11,23.42,70.42,14.66,17.63,50.30,80.77,0.92,0.65,4.30,2.01,9.41,10.96,21.80,1.98,1.81,3.77,25.75,11.30,8.27,1.50,0.37,0.79,21.41,1.59,2.45,69.56,83.06,67.73,14.07,10.62,12.38
"11 Environment negative list refers to a list of prohibited or restricted activities in terms of spatial layout pollutant discharge environmental risk and resource utilization",6.93,28.13,34.54,0.80,0.11,28.60,14.42,2.40,38.94,12.83,0.04,5.76,0.53,0.27,0.89,11.64,32.50,0.43,4.24,2.22,7.99,1.42,5.84,2.53,0.11,0.19,0.05,1.28,1.80,11.43,36.79,2.41,0.91,0.07,3.36
"DLI 33 Demonstration counties meeting annual targets for manure utilization is defined by the ratio of the utilized animal wastes tons used for organic fertilizer biomass energy and so on to the generated amount tons For Jiangxi the minimum annual target for all demonstration counties is to maintain at above 90 percent Achievement is expected according to the timeline in Table 23",11.09,96.04,90.32,7.99,43.42,48.16,65.98,50.77,41.71,57.00,2.92,27.65,33.80,6.37,47.95,50.28,35.53,29.21,4.47,7.14,45.91,21.37,13.28,9.86,1.23,3.34,16.30,13.48,11.32,54.01,67.98,68.68,7.67,48.59,24.68
"Chemical fertilizers are not toxic or hazardous chemicals themselves and the main problem is that overuse will lead to soil degradation and agricultural nonpoint source pollution The main laws and regulations on fertilizer management are i Agriculture Law 2012 Amendment A registration or permit system shall be practiced for fertilizer production and operation Chemical fertilizers pesticides and agricultural films shall be used rationally and organic fertilizers used more extensively to prevent farmland pollution and destruction and fertility decline",12.98,83.25,84.42,26.82,14.94,68.06,26.58,80.31,61.65,39.43,4.03,0.78,4.55,3.32,17.92,20.24,23.58,56.45,6.07,3.21,40.94,21.75,4.36,4.65,3.64,8.21,12.81,9.55,9.15,48.01,57.94,49.94,58.92,23.95,60.22
"It will also support the development and approval of subbasin or provinciallevel instruments to reduce pollution including solid waste management plans and phosphorus management guidelines Results Area 3 supports activities that reduce pollutants entering waterways and complements other Program components Activities at demonstration county level include point source pollution control through improvements in access and operations of township domestic wastewater collection and treatment services along with NPSs of pollution through improved management of plastic waste and increased utilization and management of animal manure",14.03,26.84,84.08,4.76,26.65,70.22,7.79,7.99,21.55,34.98,1.76,1.18,40.84,1.97,5.95,16.29,38.72,2.38,1.05,5.03,46.44,13.64,2.60,1.06,0.41,1.81,4.86,0.66,1.60,35.47,64.14,13.80,6.33,5.62,4.93
"3 Activities are selected to ensure consistency across alevelsa of the Program policies and guidelines developed at provincial level address the same goals as the selected county onground activities 4 Activities contribute to global public goods such as the collection and disposal of agricultural plastics waste to prevent riverborn plastic pollution and high priority local public goods e reductions in nonpoint source agricultural pollution that have been identified by the government and the Bank teamas technical assessment as most likely to have substantial benefits",13.54,86.99,88.72,13.44,12.86,83.46,2.41,9.08,7.42,21.08,0.94,1.07,24.48,10.51,10.17,6.15,18.15,10.99,2.71,2.46,34.51,10.37,9.84,2.26,1.09,2.30,10.73,3.15,2.36,11.96,90.29,53.80,4.50,4.18,20.18
"2 NIMBY NotInMyBackYard means that people or units concern about the potential negative impacts to their health quality of living environment or assets value due to site selection of a particular construction project e landfill of solid waste WWTP and therefore resent to the project or the proposal of the project",10.27,10.20,2.83,1.74,0.43,5.58,0.86,2.02,1.54,1.88,0.07,0.47,1.22,0.19,1.18,2.98,1.67,0.35,0.43,1.47,4.75,0.24,0.81,1.51,0.16,0.29,0.20,0.91,1.36,6.68,30.28,26.79,3.29,0.34,1.16
"Verification Confirmation of integrated wastewater systems is based on a countylevel integrated wastewater management strategies are publicly disclosed at county government websites b valid contracts of integrated county wastewater collection and treatment c verification of COD concentrations according to environment bureau realtime monitoring data records 2 plastic waste agricultural plastic film prevented from entering water bodies is defined by the quantity of agricultural plastic film recovered through plastic collection Plastic film is a major contributor to waterborne plastics pollution",13.27,42.18,66.89,5.34,37.59,74.84,50.13,65.43,42.46,20.74,1.20,1.89,13.49,6.14,5.76,31.69,39.62,4.02,1.77,4.94,24.23,18.64,2.44,1.54,0.58,2.06,4.24,1.70,3.24,88.42,69.09,4.74,21.90,77.59,6.88
"Pollutant gases such as CO NO2 SO2 CH4 H2S and NH3 were documented at levels ranging from not detected to 5ppm Apart from CO no other gas was detected at levels above 0 Consistently all the gases associated with combustion of fossil fuels were recorded at higher levels in Apapa LGA than any of the other locations On the contrary H2S a gas typically associated with decomposition of sulfidic materials and very common in swampy terrains was recorded only at 5 of the 9 locations sampled",15.63,19.94,11.60,17.13,2.14,19.38,40.73,31.09,52.61,35.43,2.24,20.82,6.12,11.34,17.08,43.85,47.68,12.29,5.69,6.78,47.89,29.27,19.37,13.14,3.08,7.32,10.23,10.73,10.23,19.87,39.29,38.54,6.53,37.80,16.56
"Observation and discussions during these visits provided a good understanding of the potential ES impacts associated with the Programas activities and procedures and capacity of government departments for dealing with such impacts including measures adopted under relevant laws and regulations The ESSA considers the ES risk associated with the PforR Program to be substantial The Program will have significant and broadly positive ES effects in the Program regions including reduced wastewater plastic waste and agricultural pollution improved river and lake water quality and ecological environment rehabilitation",13.53,84.04,88.11,15.39,14.68,88.28,19.37,31.41,37.96,25.23,35.03,5.99,76.29,69.36,38.90,54.31,81.01,49.94,24.70,24.63,61.97,30.46,44.74,25.85,1.18,31.82,16.86,12.04,14.94,25.51,46.57,50.96,20.34,11.44,26.61
"Attached Figure 12 December 21 2020 visit to a waste recovery and disposal enterprise in Wangcheng District Changsha Hunan",7.58,47.14,71.12,20.16,38.64,43.98,48.89,41.79,37.93,43.83,0.36,9.73,1.28,2.79,26.14,13.11,35.49,5.31,0.97,31.84,41.31,9.92,15.34,1.14,1.27,3.31,2.23,15.07,34.01,48.66,51.88,34.58,16.53,23.77,21.96
"The 14th FiveYear Period calls for a further increasing the resource utilization rate to 85 percent b establishing a system of animal waste treatment processing and returning to the field as fertilizer and c attracting private financing through innovative modes including publicprivate partnership and other mechanisms The countylevel utilization ratio will be measured on farm sites as a subDLI DLI 3 3 with the aim of gradually increasing the level of animal manure utilization in selected counties and maintaining the level of utilization where it is already high no less than 80 percent",16.02,97.32,94.70,12.63,14.58,4.73,30.92,83.66,28.91,60.27,1.30,9.94,18.28,2.34,48.15,34.16,28.29,13.46,0.76,2.56,14.63,28.19,16.33,1.64,0.23,0.70,4.24,8.17,4.70,39.92,81.40,40.12,7.54,32.36,2.80
"Soils Contamination from waste materials e cement and paints engine oil etc Erosion and flooding from",6.90,3.45,1.20,1.95,0.11,2.86,23.84,8.04,7.87,8.70,0.03,8.22,0.23,2.51,21.61,17.45,17.89,0.30,0.16,4.54,20.86,6.95,1.43,0.23,0.09,0.10,0.29,0.60,2.34,2.95,11.57,2.81,0.99,0.21,1.96
"Procurement for readily available offtheshelf goods that cannot be grouped or standard specification commodities for individual contracts o f less than US50000 equivalent may be procured under shopping procedures as detailed in paragraph 3 5 o f the Guidelines Procurement under IBRD Loans and IDA Credits May 2004 and the Guidance on Shopping Memorandum issuedby IDA June 92000 0 During the first eighteen months o f Project implementation o f the US5 89 million worth o f estimated Goods procurement packages US5",16.28,76.86,26.56,28.60,2.95,28.96,24.44,55.84,30.02,49.58,30.21,11.05,21.18,14.75,41.51,20.09,27.57,25.17,18.70,29.23,20.37,25.73,36.06,23.99,4.89,8.65,22.61,21.61,23.34,32.61,46.75,48.52,12.56,41.05,24.75
"continued A number of food waste treatment facilities have been built all over standardized construction of manure",6.98,92.25,43.64,17.43,31.13,59.57,35.92,19.76,27.79,49.27,0.49,3.88,0.42,0.76,5.64,11.03,22.11,5.11,0.55,3.94,25.67,7.14,1.59,0.38,0.49,0.43,1.43,1.05,9.09,54.16,49.86,28.24,15.45,2.22,5.31
"These will complement the other 2 transfer stations being constructed under the design build operate and transfer DBOT contract see below 0 million Upgrading of One Landfill There are presently three landfills being used by Lagos Two o f these three sites will be upgraded in a manner that enables recycling o f materials by both the formal and informal sectors many low income people depend on the incomes they currently derive from the recycling o f materials under difficult and dangerous working conditions",14.95,72.46,45.56,2.09,6.75,47.50,24.05,57.97,15.78,10.75,2.76,0.88,2.52,1.55,4.21,1.02,7.56,12.86,1.00,2.02,13.72,7.57,1.16,1.31,3.68,3.05,10.98,5.26,6.44,32.56,40.65,41.45,7.56,31.11,5.28
"The CTF supported elements of the Program would be expected to reduce emissions by 41 63 MtCO2eq over the lifetime of the investments These estimated savings emission reductions are based on 10 MW40 MWh of battery energy storage systems located within the BREB distribution network that enables 50 MW of rooftop solar generation In this project case solar generation exceeding the storage capacity of the batteries is assumed to integrate directly into the grid where it displaces gas generation",14.11,89.95,84.06,1.17,3.99,3.53,33.40,65.37,39.00,65.80,1.09,7.14,13.32,6.52,19.17,5.52,4.15,17.79,1.39,2.01,5.89,8.73,1.99,2.11,0.33,2.73,10.43,1.82,4.28,30.23,55.65,20.96,13.15,12.69,8.00
"Verification will be based on largescale farms in demonstration counties which are defined as below A farm with a 500 heads of pigs annual production a 2000 egg chickens a 10000 meat chickens a 50 meat cattle and a 100 dairy cattle During implementation each year 10 samples out of all the largescale animal farms will be randomly selected and verified if they have completed their annual targets according to the MARA reporting system if possible pig chicken and cattle farms must be included Data source Animal waste production treatment and resource utilization data can be acquired from the",17.28,94.62,85.45,39.03,20.16,52.30,85.77,70.82,61.69,65.86,20.51,55.82,26.70,15.78,38.87,42.46,59.66,72.04,24.92,19.96,65.24,43.09,22.29,10.96,7.30,8.86,43.11,22.57,20.46,54.75,63.84,77.03,6.03,58.70,63.23
"classification construction projects kitchen waste disposal and waste recycling City continued comprehensive",6.01,35.24,64.63,4.60,57.39,70.73,57.35,25.52,74.82,66.80,0.16,1.56,0.26,0.98,0.71,0.25,15.01,2.66,0.22,0.54,5.51,0.95,0.42,0.07,0.25,0.07,0.44,0.20,0.65,38.33,69.71,2.04,20.22,1.26,5.40
"waste and living pollution the recycling of livestock and poultry manure in rural WWTPs township WWTPs and",6.85,61.12,35.02,11.85,3.73,71.85,36.82,24.78,20.14,19.30,0.38,2.22,0.24,1.69,7.91,30.64,53.75,4.27,0.48,5.55,34.03,6.38,2.24,0.13,0.19,0.18,0.43,0.54,1.61,20.07,47.60,38.22,10.88,0.41,5.85
"Such WWTPs will typically reduce the discharge of pollutants such as COD by 7095 NH3N by 8097 total phosphorus TP by 5090 and total nitrogen TN by 7090 respectively3 The cumulative benefits of such pollution reduction of all WWTPs would be significant in the geographical scale of two provinces i Pollution reduction due to livestock waste treatment and utilization Treatment and utilization of livestock waste will significantly reduce pollution discharge from such farms",14.00,86.07,88.34,20.52,71.58,98.23,60.49,74.85,54.13,60.60,28.84,14.67,46.07,23.13,51.60,55.04,57.47,44.08,7.14,11.57,72.29,42.99,30.30,15.83,3.20,13.11,36.43,7.94,7.15,52.49,65.03,58.54,31.43,45.78,38.26
"Poyang and Dongting Lakes are Chinaas largest freshwater lakes and important biodiversity hotspots providing habitat for an array of international migratory bird species and local endangered species74 while also facing continued water pollution ecological damage and climaterelated threats from runoff extremes flooding and extended periods of reduced flow c Investigation and tracing of water pollution sources This comprises research inputs for policies and guidelines for persistent pollutants focused on phosphorus",13.64,7.06,20.50,0.72,1.68,1.04,2.77,1.56,43.76,14.98,0.25,0.12,2.11,0.43,0.47,0.92,13.73,0.40,0.20,0.41,58.04,9.38,0.38,0.10,0.20,0.20,1.24,0.33,0.36,15.41,32.88,3.91,3.05,2.00,4.76
"cost and would be robust and resilient in the face of potential future changes b evaluate the incentives in place for program stakeholders to effectively contribute to the programas success c make recommendations to improve the plan including through incorporation of alternative technologies that might lead to more sustainable and efficient outputs",10.87,57.49,76.77,25.02,9.59,15.53,1.71,32.28,0.41,43.34,53.21,11.47,78.00,41.87,43.39,42.55,61.13,24.24,69.63,42.06,8.14,6.32,52.87,34.68,5.94,11.72,9.20,16.76,11.53,6.22,30.51,30.34,1.81,7.46,0.97
"Procurement specialist Financial management specialist Operations specialist Environmental specialist Social specialist ME specialist Integrated water environment expert Solid waste management expert Big data and AI expert Note AI Artificial Intelligence",8.13,73.62,98.43,6.90,57.83,66.88,61.24,64.65,78.85,80.06,0.44,3.08,71.92,33.19,45.63,18.99,69.85,2.87,5.30,37.54,62.84,27.13,19.69,7.20,1.22,1.25,1.14,13.52,13.43,27.02,86.35,52.68,4.24,5.26,3.69
"Promotes use of recognized good practice in the production management storage transport disposal of hazardous materials generated through Program construction or operations Improper storage and handling of fuels lubricants chemicals and hazardous goodsmaterials onsite and potential spills from these goods may harm the environment or health of construction workers There is possible polychlorinated biphenyl PCB contamination from dismantling of old transformers with PCB",13.32,24.97,15.60,0.28,5.66,58.91,24.27,19.90,11.64,12.87,0.19,0.39,0.64,0.35,0.53,0.54,1.62,0.63,0.35,1.13,1.09,0.39,0.44,0.18,0.20,0.19,0.75,0.40,0.88,26.69,61.97,3.32,4.27,0.64,9.06
"Since social cultural political and economic conditions vary and institutions are contextspecific reform strategies must vary with the context The design o f empowerment strategies inthe social mobilization process for the LMDGP will therefore focus on four key elements in order to change the nature o f relationships and linkages of poor people and their organizations These four elements are Access to Information Information i s power Informed citizens are better equipped to take advantage o f opportunity access services exercise their rights and hold state and nonstate actors accountable",15.45,3.21,0.34,3.06,0.10,0.59,1.19,3.18,45.37,0.35,0.43,0.60,0.44,5.08,6.05,0.53,1.97,1.18,13.25,6.22,0.73,0.40,2.45,12.82,0.65,11.70,5.44,6.98,12.78,4.61,1.45,29.10,1.27,59.87,1.69
"Prohibiting and redressing any command against rules forced operation at risk or violation of the operating procedures",7.10,27.08,36.85,22.85,3.09,15.89,8.59,38.82,2.82,10.24,4.33,2.22,8.84,4.45,15.43,47.83,55.79,4.10,31.30,35.00,13.49,4.71,6.97,30.59,6.68,12.85,9.43,27.89,37.35,30.18,63.12,27.98,10.84,3.58,29.89
"d Timely and appropriate action will be undertakne to investigate fraud and corruption allegations and indications report to the World Bank on the actions taken in any such investigation every six months and promptly update upon the completion of any such investigation by reporting its findings to the World Bank",10.99,1.29,5.49,14.71,0.61,7.53,12.41,45.12,4.58,7.22,0.98,2.56,2.05,2.14,4.13,5.95,12.91,4.77,2.03,2.36,8.78,2.91,3.55,1.29,1.42,2.11,23.23,76.82,73.76,75.19,53.28,50.70,20.91,44.10,5.95
"The program is not being implemented in areas of recognized fragility or in post conflict zones",6.75,40.45,69.06,32.35,21.37,22.74,27.78,53.07,47.16,43.66,50.26,4.57,50.96,49.47,43.63,49.59,63.30,37.06,34.44,29.00,50.51,22.41,40.99,36.89,1.91,40.24,20.88,32.30,28.67,27.46,10.16,41.62,1.45,40.23,19.27
"80 There arefour mainfuture challengesfor government authorities in the competition enforcement These are rationalizing competition law enforcement establishing a stable corps of sufficiently remunerated qualified professionals a new law to improve governance and efficiency in competition law enforcement and amending the constitution to provide for revision",10.86,8.91,3.37,1.60,0.23,0.81,1.43,4.21,0.75,0.56,0.84,0.06,2.46,0.33,1.22,1.21,0.96,0.54,3.39,0.89,1.42,0.49,0.66,4.55,0.22,0.39,2.54,24.03,14.12,6.97,9.69,9.07,10.97,0.92,5.55
"In addition residents of the state including stakeholders of the program can register their grievances through various means in writing a through letters email or text messages and also over telephone through a dedicated toll free number with the Program Implementation and Grievance Cell set up under the Office of the Chief Minister GoWB and seek to resolve their grievances within 7 days",12.81,33.89,61.62,35.47,25.05,44.37,11.54,37.69,36.45,33.39,51.48,17.40,81.12,75.12,60.41,58.35,67.06,39.07,65.82,45.13,49.56,32.46,53.75,46.79,20.72,37.50,53.89,33.47,40.45,48.32,47.54,55.67,12.34,65.64,30.95
"The C M C has mediated 32000 disputes within and between communities interethnic disputes governmentprivate citizen disputes commercial disputes family disputes individual disputes land disputes landlord and tenant disputes and institutional disputes N o formal process would have been able to achieve such a high degree o f success The protocols are less stringent the process more fluid allowing for selfrepresentation use of native dialects and most importantly the outcome i s usually a winwin one based on mutuality and consensus",15.81,8.23,22.42,1.30,0.24,17.95,13.34,15.70,11.36,8.38,5.01,0.92,10.53,2.96,9.07,31.22,30.52,10.14,4.05,7.36,12.63,4.32,10.04,10.18,10.82,4.83,14.31,11.47,22.70,33.83,77.47,23.77,3.40,8.92,6.49
"Antitwst enforcement Since 2001 important progresshas been achieved inthe enforcement of the competition law inBrazil An important improvement hasbeen the increasing between gasoline stations inFlorian6polis SC and Goidnia GO InSeptember 2002 260 cartel investigations in 30 differentindustries hadbeen started by SDE Several institutional measureshave beentaken includingthe launching of a Leniency Program and the signingof an agreement with Policia Federal both aimed at improving investigative techniques",15.85,4.70,0.57,1.31,0.37,6.45,7.88,13.28,8.48,4.14,0.85,3.10,1.27,1.40,3.66,0.77,1.70,2.10,0.59,1.50,2.80,1.01,1.10,0.41,0.28,0.50,6.98,63.05,66.45,79.96,53.36,24.85,26.30,4.93,58.32
"The Project is not expected to have negative social impacts on indigenous peoples or other stakeholders The Project alleviates risks of water shortages and social disruptions No involuntary land taking or resettlement is expected as the Project will be implemented on governmentowned land In order to ensure the inclusion of indigenous peoples the IPPF provides guidance for preparing IPPs where necessary CONAGUA has proven knowledge and experience in applying the activated World Bank environmental and social safeguards through several Bankfinanced projects",15.05,73.86,86.91,4.33,4.75,4.65,35.01,41.15,21.11,15.76,14.31,0.68,72.34,21.53,50.89,46.45,62.46,19.83,23.54,29.12,60.42,16.17,41.93,15.41,0.95,11.81,52.50,5.28,7.60,45.00,58.76,79.35,9.93,19.88,20.27
"The objective will be to facilitate the full ownership o f work programs and investments by the b Coordination of Public Governance and Capacity Building activities To ensure proper coordination o f public governance reforms targeted by the Project the M E P B will have the overall responsibility o f executing the Governance component and chair a Governance Technical Coordination Committee GTCC where all agencies involved in the implementation o f the component will be represented",14.63,27.11,21.39,10.51,0.81,6.22,1.53,1.15,9.20,11.43,1.88,5.20,6.60,5.71,17.34,1.34,18.67,4.77,7.49,7.33,2.87,1.40,2.59,6.87,4.09,3.24,13.64,9.61,27.03,14.86,96.45,46.99,13.61,22.30,2.11
"Urban services and housing for the poor 33 P Other accountabilityanticorruption 33 P Municipal governance and institution building 17 S Public expenditure financial management and procurement 17 S",8.57,6.44,0.36,0.96,0.09,17.10,40.59,65.49,6.17,0.88,0.08,0.15,0.20,0.37,0.93,0.12,1.71,3.88,0.36,0.48,0.67,0.19,0.23,0.11,0.52,0.30,0.93,86.22,95.15,95.01,79.70,20.35,15.23,0.30,2.57
"LASG committed to follow the principles o f the RPF for LMDGP for any infrastructure upgrading in the metropolitan area ESIA and RPF Framework have been preparedby LASG A Conflict resolution mechanism i s established Communities have been sensitized and mobilized to participate A strong communications component i s an integral element o f the Project",13.11,15.05,46.33,4.82,1.26,12.13,20.04,52.89,78.26,16.34,0.89,3.49,21.24,62.03,54.96,3.03,27.88,7.34,11.68,21.63,16.71,2.72,14.14,1.76,2.97,3.16,18.75,14.01,16.49,36.03,92.79,17.80,29.27,46.52,10.35
"offered and people mediation strengthened to ensure that disputes and conflicts are handled at the village level where possible",7.26,5.45,17.38,11.70,0.41,9.06,1.05,2.72,1.63,0.50,6.87,0.87,3.47,3.52,6.20,1.60,32.09,3.83,7.70,7.47,3.94,0.75,1.09,5.16,18.31,3.47,7.95,6.91,26.46,17.33,18.72,29.15,5.13,0.83,1.90
"Reported cases at clinics Number of documented conflicts and nature and seriousness of conflicts",6.49,1.31,3.88,3.11,0.38,7.79,32.73,20.42,23.54,13.08,0.56,3.04,0.58,4.21,2.04,30.63,31.72,9.42,13.13,20.91,24.36,10.11,6.93,38.36,0.69,34.03,9.72,18.82,13.73,22.71,29.67,17.73,8.77,46.27,8.18
"52 A third component of regulatory risk is regulatorygovernance InBrazil infrastructure regulatory laws are imprecise about accountability and transparency Beyond formal independence it i s essential that regulatory agencies explain the rationale for their decisions Even the wellviewed ANEEL has receivedcriticism inthis regard Furthermorejudicial review of regulatory decisions takes place at the first level of the judiciary which lacks relevant",13.17,27.37,8.70,12.08,1.73,16.34,23.82,27.89,11.87,19.52,2.07,12.53,4.56,9.90,14.41,17.59,32.59,16.87,22.82,28.17,15.44,9.09,13.13,19.94,2.60,7.57,20.99,23.89,18.20,64.41,10.07,47.58,19.61,64.00,41.58
"Establishesflexible and modernjudicial and extrajudicial restructuring proceedings to replace the ineffective concordata",7.03,5.39,8.71,5.89,0.61,33.45,1.16,13.45,1.81,1.96,0.70,2.04,2.09,9.01,7.69,7.06,42.48,4.42,9.78,24.95,1.92,0.51,1.54,10.91,4.33,13.71,19.04,30.23,23.92,31.02,28.30,18.56,31.25,6.14,5.19
"protect the peopleas rights of information participation expression and supervision practically Public participation during land",6.50,41.61,45.76,1.30,2.32,4.93,1.12,4.63,36.19,2.29,4.81,0.88,52.69,35.36,6.89,7.45,37.77,10.75,3.18,4.26,8.08,1.90,9.39,8.97,2.19,0.80,4.48,1.94,9.09,28.95,16.19,23.18,26.49,89.30,26.85
"The future submission and approval of this amendment by Congress i s a key future challenge combined with the strengthening of the cadre of antitrust regulator within the Government Measures of progress are the number of hard core cartel prosecutions and the adoption of premerger notification to",10.85,2.51,0.51,1.28,0.22,2.06,1.71,4.91,1.01,0.49,0.24,0.52,0.91,1.06,3.89,0.93,1.33,1.23,0.77,1.13,1.93,1.23,1.73,0.68,0.39,0.28,4.08,54.39,23.78,29.19,23.39,1.65,22.21,0.97,85.40
"policies and improving the work of the peoples government at the same level and 6 Giving instructions to the handling of complaint",7.69,2.81,0.76,1.16,0.43,2.45,0.30,3.83,0.83,0.49,0.30,0.23,1.22,3.00,4.10,0.70,5.58,0.63,6.44,2.64,1.16,0.42,1.23,2.44,1.03,1.80,7.99,5.12,19.81,39.73,60.89,14.10,7.80,1.46,5.06
"Public access to information on contracts and schedules will change prior practices and the community spirit mobilization and watchfbl monitoring by CDAs and CTCs will mark a new openness to popular consultation for infrastructure operations inNigeria Accountability refers to the ability to call state officials public employees or private actors making them accountable for their policies actions and use o f finds States Local Governments and Communities must have horizontal or internal accountability mechanisms and must also be accountable to their citizens and clients for their performance",16.05,5.67,52.42,2.74,3.45,8.29,1.78,58.39,27.38,5.37,2.32,0.27,4.84,3.40,20.22,5.90,13.96,3.14,4.08,10.66,6.51,2.61,3.52,8.27,2.21,1.88,5.84,10.30,19.47,80.70,85.05,41.13,13.78,54.95,10.19
"The manner of operationalization of the AntiCorruption Guidelines under the Program has been agreed with the Finance Department Key commitments under the Program in this area and how these commitments would be implemented are as follows a All appropriate measures will be undertaken to ensure that the Program is carried out in accordance with the PforR AntiCorruption Guidelines",12.73,25.24,24.58,20.25,3.55,15.68,18.63,49.09,16.99,26.44,36.80,12.36,59.90,27.00,44.35,19.47,35.60,21.63,46.51,23.83,27.50,19.18,31.08,39.36,6.26,17.96,32.42,56.65,73.73,38.42,73.74,55.37,34.87,35.67,37.21
"The Law of the Peoples Republic of China on Regional National Autonomy stipulates in dealing with special issues concerning the various nationalities within its area the organ of selfgovernment of a national autonomous area must conduct full consultation with their representatives and respect their opinions the organ of selfgovernment of a national autonomous area shall guarantee that citizens of the various nationalities in the area enjoy the rights of citizens prescribed in the Constitution and shall educate them in the need to perform their duties as citizens",15.73,24.70,12.03,7.81,1.73,6.63,22.21,11.41,52.53,10.90,6.92,4.11,3.30,4.03,7.54,4.43,10.81,7.27,12.13,6.51,5.77,4.78,7.54,13.64,3.48,10.77,64.97,7.61,8.80,33.59,84.22,23.16,19.74,9.13,49.11
"With thirty six trained and certified mediators located in six offices in Lagos the C M C has built public trust with its free services and impartial management o f disputes I t s greatest attractions for the public are its impartiality and speed o f resolution even in disputes involving individuals and the government",11.81,23.27,20.31,8.39,1.72,10.89,45.62,28.94,11.48,16.34,9.90,1.87,35.07,11.33,13.96,8.88,24.84,5.93,12.11,15.41,19.17,11.87,14.03,9.90,4.08,6.00,45.30,8.68,29.02,81.79,16.31,38.12,10.86,8.54,6.07
"1 Article 41 of the Constitution of It directs the State to provide public assistance to its citizens in the case of",7.51,15.89,1.83,4.36,0.45,5.90,2.59,3.51,3.58,4.43,2.41,3.49,2.01,3.21,25.00,1.07,16.58,5.48,25.71,9.28,4.55,0.46,2.73,20.95,2.60,9.99,15.43,16.75,13.90,15.29,25.54,13.29,31.76,5.63,3.73
"3 civil affairs authorities It should be changed to",6.14,19.15,42.49,17.83,4.35,26.50,12.92,25.44,18.08,16.96,1.81,20.64,42.19,30.46,41.34,32.31,60.59,11.14,33.21,37.91,36.41,11.23,30.82,35.28,4.13,17.53,12.99,13.41,29.06,17.57,13.20,39.37,5.87,16.58,18.67
"This makes it difficult to reverse the culture o f nonpayment for government services that has become entrenched in Lagos and Nigeria following years o f failed promises during the military years and the breakdown in basic systems for taxation and user charges due to corruption and patronage Institutions have become weak and the technical and management skills in the public sector have",12.24,11.32,6.02,16.96,1.11,4.54,32.72,7.24,6.49,6.10,0.78,0.60,20.29,4.74,22.96,14.65,15.83,1.93,13.18,9.08,26.35,4.67,7.46,4.79,0.99,4.54,4.36,14.78,19.01,10.65,9.00,47.46,6.46,30.06,10.22
"In addition to reestablishing peace the accord recognized the ethnic peopleas right to land culture language and religion The accord sets out detailed provisions for strengthening the system of selfgovernance in the CHT and redressing the most urgent landrelated problems A Ministry of CHT Affairs was established by appointing a minister from among the tribal people of CHTs Advisory council from the CHT region assists this ministry It may be noted that tribal peopleindigenous people living in the plains are less than 1 percent of the mainstream population",17.74,21.29,28.49,3.82,0.81,4.11,7.72,4.66,34.90,1.92,1.16,0.42,49.43,9.53,90.12,3.85,18.43,8.90,12.16,2.46,7.00,1.86,11.61,2.81,29.18,3.05,4.33,1.99,3.87,69.81,88.36,70.33,10.36,10.31,25.19
"The partnership between DFID and IDA and other donors i s crafted to ensure coherence in the efforts to support LASGs priorities iGovernance reforms DFID will strengthen LASGs Board o f Internal Revenue BIR to ensure that the gains made so far on the revenue side are not reversed LMDGP support i s focused on the budgeting and expenditure side iiInformation Technology for Citizen Access The Directorate for Citizens Rights CRD under the Ministry o f Justice offers free access for human rights and consumer protection access to public defenders and free citizens mediation see Annex 17",19.49,18.10,4.16,4.70,0.31,3.72,1.36,13.07,53.52,4.18,0.33,0.46,9.37,7.78,20.23,0.74,4.84,2.30,5.59,8.44,4.92,1.54,3.93,3.96,2.22,2.79,63.97,30.84,24.15,77.09,57.33,73.84,30.14,96.33,16.97
"78 Since2001 importantprogress has been achieved in the enforcement of competition law in Brazil There has been increasing emphasis on cartel investigations In2002 CADE condemned two collusion between gasoline stations inFlorian6polis SC and Goiinia GO In September 2002 260 cartel investigations in30 different industries had been started by SDE Several institutional measures have been taken including the launching of a Leniency Program and the signing of an agreement with FederalPolice both aiming to improve investigative techniques",15.91,5.15,0.64,2.42,0.58,11.54,10.31,11.43,11.21,5.03,1.10,6.05,2.24,1.86,4.48,3.56,2.47,3.50,1.40,2.68,7.60,2.84,2.58,1.24,0.57,1.09,14.03,65.05,77.03,79.15,56.67,37.85,29.86,13.00,54.19
"screening mitigation measures implementation information disclosure public participation and grievance redress mechanism GRM Disclose to the public with the hotlines and contacts of GRM and establish an effective external communication mechanism In order to implement the above recommendations the following actions should be included in the Program Action Plan PAP",11.98,53.31,64.78,31.70,6.65,31.03,17.43,55.45,41.57,20.38,11.11,14.27,76.18,68.89,81.23,56.00,83.11,22.23,75.03,68.43,32.65,5.78,36.27,52.90,9.16,46.45,22.58,60.15,53.64,84.67,33.94,59.07,11.31,94.13,19.69
"Communication campaign and the policy dialogue The communication campaign and the policy dialogue on a variety of development issues had partial success The systematic monitoring of the project was weak and only 8 out of 30 Citizenas Mediation Centers CMCs were built However these 8 mediation centers are completely operational and have brought a new and pragmatic way to address legal issues in Nigeria These centers have supported equitable justice by providing a rancor free inexpensive dispute resolution option Services offered by CMCs include landlordtenant employeremployee employee compensation family and marital cases",18.04,5.36,11.69,1.20,0.32,15.71,15.21,11.20,89.69,12.81,0.22,0.99,4.99,5.85,11.04,2.83,2.63,2.36,2.12,2.00,5.24,2.06,1.87,2.04,5.89,2.93,92.31,14.12,30.32,59.69,38.70,78.26,31.99,58.34,10.98
"The World Bankas right to conduct an inquiry into such allegations or other indications independently or in collaboration with the borrower regarding activities and expenditures supported by the Program as well as its right to access to the required persons information and documents will be observed in accordance with the standard arrangements for this purpose between the Government and the World Bank The Programas Legal Agreement will also oblige the client to fully comply with obligations under the World Bankas AntiCorruption Guidelines for PforR operations",15.56,41.07,44.05,21.48,3.07,21.94,36.07,62.35,30.27,30.93,34.28,8.95,66.13,57.13,71.53,43.20,47.69,38.16,59.09,33.91,30.54,47.77,76.96,44.85,6.92,34.50,73.74,72.80,69.95,47.03,57.57,75.82,46.34,91.52,41.58
"Policy basis for ethnic minority development The Law of the Peoples Republic of China on Regional National Autonomy stipulates when developing resources or carrying out construction in a national autonomy area the state shall protect its interests make arrangements favorable to its economic development and local minority residentsa production and livelihoods and include major ecological balance and environmental protection projects in the local national economic and social development plan",12.75,46.20,97.68,1.89,34.71,28.22,3.86,20.79,37.28,27.30,0.16,0.53,90.32,71.29,45.62,53.85,95.60,10.53,48.32,22.06,99.54,60.06,48.92,29.11,1.02,2.56,1.27,1.27,3.28,6.97,30.04,4.63,31.73,1.14,66.73
"It is reported that overall compliance status of Environmental Management Plan EMP and implementation of Resettlement Action Plan RAP at various subproject sites is satisfactory Stakeholder engagement and grievance management are also satisfactorily complied with through Focus Group Discussion FGD personal contact and Samity Board in every PBS where local people are represented through election to address the needs and complaints of the affected people including indigenous people and tribal people",13.47,24.76,83.97,6.25,29.14,25.07,37.00,16.86,32.53,14.52,3.06,0.73,87.56,67.87,76.71,55.65,81.20,8.39,24.34,36.59,66.76,6.98,19.56,16.30,2.41,1.82,40.61,7.32,12.28,57.94,96.31,56.16,7.69,24.95,4.68
"23 Further measures wouldfoster multimodal transport i appropriate regulations and conflict resolution mechanisms for multimodal operations and ii the strengthening of transport planning and the promotion of publicprivate partnerships PPP to develop critical investments",9.93,23.39,33.98,1.19,0.56,2.36,1.23,48.23,4.24,0.63,0.85,0.17,0.78,0.28,0.69,1.03,1.92,0.84,0.44,0.80,6.56,0.22,1.11,0.89,0.36,0.16,1.51,0.28,0.72,2.06,34.95,37.87,5.69,0.59,2.22
"Fraud and corruption risks The Government has institutions in place to combat fraud and corruption These institutions are designed to prevent report detect investigate prosecute and sanction fraud and corruption These institutions include the discipline inspection commissions within all implementation agencies supervision bureaus anticorruption bureaus under Peopleas Procuratorates and audit offices all at central provincial prefectural and county levels These agencies have comprehensive mandates to combat fraud and corruption Any bidder or any party can report fraud and corruption issues to any of these government agencies",16.23,11.55,6.06,5.82,0.81,40.61,16.01,64.71,29.75,9.22,4.95,5.03,4.55,33.73,4.83,7.97,12.49,10.26,5.05,5.20,11.07,5.22,7.21,1.55,3.81,6.50,35.69,83.34,92.46,90.41,74.50,48.52,29.49,22.22,6.60
"Activities o f the Directorate o f Citizens Rights in Lagos particularly the CMC have become o f great interest to Attorney Generals o f other States in Nigeria who agreed at their 58th professional body meetingin October 2003 to establish similar Directorates intheir States",10.68,4.82,6.03,3.32,1.54,3.18,1.97,11.66,28.11,10.16,0.28,0.26,2.60,6.17,6.96,0.57,13.32,4.12,7.32,4.71,19.50,5.00,2.86,2.89,4.73,11.15,55.43,14.24,26.03,37.99,53.41,38.75,17.31,59.95,35.12
"Law reformmay also improve governanceand efficiency Decisions over merger cases have raised concerns domestically and internationally of CADEs independence Disputes over large and controversial cases are not uncommon but the risk of politicization may be reducedby changing the appointment mechanism for the commissioners for example limiting commissioners appointments to a longer but single term Law reform might also provide for a better distribution of legal authority coupled with better accountability mechanisms to enhance authorities incentives to successfully prosecute anticompetitive behavior Revision of CADEs decisions by firstlevel courts may alsojeopardize the effectiveness of competition enforcement",17.49,22.26,14.79,2.34,0.98,14.25,12.26,24.93,13.68,4.21,4.11,4.22,25.43,5.38,23.01,12.56,7.59,5.07,37.54,15.34,9.35,6.70,9.35,31.49,2.17,11.40,39.87,47.55,50.58,78.52,10.16,50.35,40.89,19.85,64.58
"Procurement for the proposed TA component of the project will be carried out in accordance with Procurement Regulations for IPF Borrowers for Goods Works NonConsulting and Consulting Services dated July 1 2016 Revised Nov 2017 and Aug 2018 hereinafter referred to as aRegulationsa and the provisions stipulated in the Legal Agreement The TA will be subject to the World Bankas AntiCorruption Guidelines dated October 15 2006 as revised in 2011 and 2016 Procurement risk assessment and mitigation",15.87,74.17,41.86,34.73,5.87,34.27,47.85,71.46,35.24,44.91,41.55,21.23,62.14,56.12,66.65,53.56,52.03,38.79,42.89,35.72,52.64,47.89,67.67,36.87,7.18,24.02,35.65,50.93,72.06,51.22,47.71,58.14,64.47,31.84,69.95
"196 The Government is preparing the groundfor judicial reforms to try to reduce inefficiencies in contract enforcement comingfrom court delays and uncertainty over the basis of legal decisions Despite exploratory analytical worko9 this i s an area where the Bank has not maintained an intense dialogue with the Brazilian Government to date This loan does not directly support reforms inthis area despite the fact that this area could be a crucial reform for increasing economic growth in the next few years",14.90,21.94,1.29,1.79,0.40,0.72,7.07,30.31,7.82,3.25,0.47,0.24,2.36,0.69,2.00,1.57,1.76,0.93,1.64,1.31,3.58,0.96,2.50,0.55,0.39,0.42,14.32,3.10,8.12,30.08,26.51,38.60,40.27,2.33,12.77
"Implementation o f LMDGP will pose significant social challenges particularly with respect to managing the conflicts that are likely to arise due to the communities institutions businesses and individual members o f the public who might be affected by the Project despite the Project being predicated on the fundamental principle o f eliminating or at least minimizing involuntary resettlement or dislocation",12.01,48.17,45.22,22.88,5.30,10.78,31.76,29.92,5.43,36.38,1.47,2.07,79.21,29.33,74.47,66.86,58.86,42.54,36.65,17.16,52.28,26.92,43.09,16.65,3.61,9.74,8.47,25.39,8.78,25.04,4.98,46.70,1.93,5.85,26.27
"The Fiduciary System Assessment FSA followed the World Bankas Policy for PforR and the related Directive and concluded that Program fiduciary systems for Procurement financial Management and Governance and AntiCorruption provide reasonable assurance that the financing proceeds would be used for intended purposes with due attention to the principles of economy efficiency effectiveness transparency and accountability The Program implementing agencies have a strong budget execution and implementation track record and adequate auditing arrangements are in place",14.74,57.61,18.23,12.59,0.58,36.98,31.40,87.30,18.73,22.07,10.66,6.55,34.40,21.14,36.17,23.05,28.57,14.26,19.55,18.64,14.94,16.25,39.41,22.48,3.05,7.63,23.61,77.36,78.55,79.45,75.07,59.05,23.91,18.42,29.13
"Proposed fiduciary implementation support includes the following a Review Program implementation progress including achievement of Program results and PAP implementation a Assess timeliness and adequacy of Program fund appropriation as approved in the budget a Continuously assess and monitor the performance of the FM and procurement systems under the Program and provide suggestions for enhanced efficiency and effectiveness a Monitor application of the PforR anticorruption guidelines a Monitor performance of the fiduciary systems and the audit report including the implementation of the PAP a Monitor the PforR financial statement reporting process and assist the client as necessary",17.99,13.30,3.39,2.30,0.21,13.79,6.31,65.73,2.74,1.95,1.15,1.24,8.48,1.93,4.41,3.12,1.77,6.74,10.51,2.66,2.21,7.46,9.98,6.28,0.84,1.92,6.07,86.19,86.52,55.07,64.71,9.29,12.57,3.92,7.35
"designed to primarily address the Information Education and Communications IEC needs o f L A S G during preparation and implementation phases o f the Project On a secondary level the strategy also aims to address the internal needs o f LASG as it progresses its institutionalization o f good governance and accountability in urban management Annex 8 iii Conflict Resolution USU This component will support the timely preparation and execution of resettlement and rehabilitation action plans and mitigation incompliance with the Resettlement Policy Framework RPF",15.27,3.37,29.24,2.49,1.42,2.12,1.53,1.87,74.11,1.49,0.68,0.50,4.13,3.34,66.76,0.88,28.98,2.69,4.95,8.28,4.25,1.24,1.42,2.18,13.48,3.68,14.78,9.46,20.77,90.52,72.03,53.49,8.60,38.11,11.59
"To ensure that procurement related complaints are treated in a timely and fair manner the State Finance department nodal agency will setup a dedicated complaint handling system allowing complaints to be posted by interested parties Also specific arrangements are defined in action items to ensure compliance with anticorruption guidelines of the World Bank For the IPF Component of the Operation the procurement arrangement will be governed by the World Bank Procurement Regulations for Borrowers effective from July 1 2016 amended in July 2017 and Aug 2018",15.24,53.62,14.94,18.34,1.51,27.89,24.56,76.22,18.31,33.43,4.18,13.65,21.03,13.52,40.07,8.16,22.61,8.13,39.36,18.04,16.47,19.79,37.90,15.82,5.43,5.65,79.99,71.83,68.81,68.78,47.74,69.27,23.45,49.36,60.08
"The efficient management o f such potential conflict i s paramount to the success o f the Project and ultimately to resolving the long term flooding problems that plague the citizens o f Lagos Strong information management and dissemination on a continuous and inclusive basis and Alternative Dispute Resolution ADR structures would substantially reduce most o f the tensions anxieties and resistance usually associated with a Project on this scale",13.74,17.76,11.93,5.39,0.55,3.18,29.75,22.11,78.29,4.05,2.14,0.56,2.76,1.19,37.95,2.05,3.72,3.21,3.57,2.02,9.31,2.90,1.26,1.22,2.07,1.95,38.04,2.84,2.44,40.17,82.73,44.41,6.32,86.46,8.66
"67 Legal reform could also improvegovernance and efficiency Decisions on mergers have raisedconcerns over the independence of CADE Disputes over large and controversial cases are not uncommon but the risk of their being politicized could be reduced by an increase inthe term appointment of commissioners Legal attributions might also be better allocated coupled with mechanisms for greater accountability Revision of CADE decisions by firstlevel courts may also jeopardize its effectiveness Premerger notification would reduce conflicts while revised merger thresholds might reduce the number of mergers to be reviewed by the authorities",17.96,16.76,8.70,1.74,0.75,13.94,8.52,18.64,7.85,3.92,2.93,2.18,39.06,7.06,24.55,16.22,8.34,4.74,23.18,14.86,12.44,3.25,8.50,24.40,0.79,9.12,43.70,30.86,39.14,83.49,11.58,48.67,19.82,19.60,44.03
"Implementation of the Program will be aligned with the ACGs applicable to PforR operations that is aGuidelines on Preventing and Combating Fraud and Corruption in Program forResults Financinga dated February 1 2012 and revised on July 10 2015 The following mitigation measures as per Bankas Fraud and Corruption Guidelines will apply The Office of the Comptroller Auditor General CAG of India which is the Supreme Audit Institution has the constitutional mandate under Article 1512 of the constitution to audit all public funds and entities External Risks to project outcomes",16.22,28.47,19.84,16.74,1.06,20.66,45.28,46.64,26.13,24.45,26.70,7.46,51.85,19.47,31.23,15.46,19.97,11.41,27.47,11.15,14.27,33.73,63.91,18.14,4.17,9.19,44.67,80.17,64.32,52.31,66.59,71.16,79.05,29.66,51.97
"The Implementing Entity will prepare and adopt an Operation Manual that contains guidance and projections to support the implementation of the Operation including the Program Action Plan the Anticorruption Guidelines Protocol and the Verification Protocol as well as guidance for the compliance with fiduciary environmental social and other obligations for the implementation of the Project The implementing agencies in the Program will be four Government departmentsagencies given in the table below along with the nature of Program Expenditure",14.12,45.34,68.43,34.39,21.04,28.49,16.63,56.58,41.58,49.20,40.99,23.25,69.65,61.84,67.53,56.07,67.19,36.86,69.28,46.72,58.23,45.59,62.04,55.75,11.27,38.30,42.96,66.33,68.45,41.73,68.58,55.00,22.51,51.20,34.87
"In addition residents of the state including stakeholders of the program can register their grievances through various means in writing a through letters email or text messages and also over telephone through a dedicated tollfree number with the Program Implementation and Grievance Cell set up under the Office of the Chief Minister GoWB and seek to resolve their grievances within 7 days",11.79,34.71,62.00,35.50,24.91,44.73,11.58,37.65,36.91,33.89,51.82,17.93,81.02,75.31,60.50,58.40,67.30,39.28,65.73,45.23,49.28,32.80,53.74,47.07,20.96,37.76,54.65,33.48,40.35,48.72,48.42,56.13,12.97,65.91,31.18
